{"cameraMode":{"drawMode":0,"name":"Shaded","section":"Shading Mode"},"sceneLighting":true,"audioPlay":false,"sceneViewState":{"m_AlwaysRefresh":false,"showFog":true,"showSkybox":true,"showFlares":true,"showImageEffects":true,"showParticleSystems":true,"showVisualEffectGraphs":true,"m_FxEnabled":true},"in2DMode":false,"pivot":{"x":-20.41290283203125,"y":-12.059357643127442,"z":43.14130401611328},"rotation":{"x":0.17555516958236695,"y":-0.17615708708763123,"z":0.03194710984826088,"w":0.9680590033531189},"size":30.597381591796876,"orthographic":false}